ID,Name,NOC,Discipline
325,ALVAREZ Santiago,Argentina,Rugby Sevens
326,ALVES Dani,Brazil,Football
327,ALVES LOPES Marcia,Cape Verde,Rhythmic Gymnastics
328,ALWADI Mohammad,Jordan,Boxing
329,ALY ELKAMASH Marwan,Egypt,Swimming
330,ALYOUHA Yaqoub,Kuwait,Athletics
331,ALZIGKOUZI KOMINEA Maria Elli Lela,Greece,Artistic Swimming
332,ALZINI Martina,Italy,Cycling Track
333,AMADOR Andrey,Costa Rica,Cycling Road
334,AMAISTROAIE Madalina,Romania,Archery
335,AMANKUL Abilkhan,Kazakhstan,Boxing
336,AMARE Girmaw,Israel,Athletics
337,AMARIS Cesar,Venezuela,Rowing
338,AMB Kim,Sweden,Athletics
339,AMBAKA Willy,Kenya,Rugby Sevens
340,AMBALA Atuhaire Ogola,Uganda,Swimming
341,AMBROCIO GREIFO Pool Edinson,Peru,Wrestling
342,AMDOUNI Morhad,France,Athletics
343,AMES David,Great Britain,Hockey
344,AMHA Selam,Ethiopia,Cycling Road
345,AMIALIUSIK Alena,Belarus,Cycling Road
346,AMIHERE Laeticia,Canada,Basketball
347,AMINE Myles Nazem,San Marino,Wrestling
348,AMIRI Nadiem,Germany,Football
349,AMIT,India,Boxing
350,AMOAH Christian,Ghana,Weightlifting
351,AMOAH Joseph Paul,Ghana,Athletics
352,AMOE-TARRANT Charisma,Australia,Weightlifting
353,AMONDE Andrew,Kenya,Rugby Sevens
354,AMORES CARUA Jhonatan Javier,Ecuador,Athletics
355,AMORIM TALESKA Eduarda,Brazil,Handball
356,AMOROS Emile,France,Sailing
357,AMOS Nijel,Botswana,Athletics
358,AMRI Marwa,Tunisia,Wrestling
359,AMUKAMARA Promise,Nigeria,Basketball
360,AMUSAN Tobi,Nigeria,Athletics
361,AN Baul,Republic of Korea,Judo
362,AN Changrim,Republic of Korea,Judo
363,AN Heji,Republic of Korea,Basketball
364,AN Hyejin,Republic of Korea,Volleyball
365,AN San,Republic of Korea,Archery
366,AN Sehyeon,Republic of Korea,Swimming
367,AN Seulki,Republic of Korea,Athletics
368,AN Seyoung,Republic of Korea,Badminton
647,BACHMANN Alexander,Germany,Taekwondo
648,BACHMANN Simon,Seychelles,Swimming
649,BACMAGA Dominika,Poland,Athletics
650,BACON Phoebe,United States of America,Swimming
651,BACOSI Diana,Italy,Shooting
652,BADAWY Aly,Egypt,Sailing
653,BADENHORST Nardus,South Africa,Water Polo
654,BADLOE Kiran,Netherlands,Sailing
655,BADOSA Paula,Spain,Tennis
656,BAE Hyeyoon,Republic of Korea,Basketball
657,BAE Sanghee,Republic of Korea,Shooting
658,BAGNIS Facundo,Argentina,Tennis
659,BAH Mamadou,Guinea,Swimming
660,BAH Mamadou Samba,Guinea,Judo
661,BAHLOUL Ramzi,Tunisia,Weightlifting
662,BAHMANYAR Sara,Islamic Republic of Iran,Karate
663,BAHTA Meraf,Sweden,Athletics
664,BAHUTSKI Yauheni,Belarus,Athletics
665,BAI Li,People's Republic of China,Athletics
666,BAILEY JR Aldrich,United States of America,Athletics
667,BAILEY Sean,Jamaica,Athletics
1029,BISHARAT Ibrahim Hani,Jordan,Equestrian
1030,BISHINDEE Urantungalag,Mongolia,Archery
1031,BISHOP-NRIAGU Melissa,Canada,Athletics
1032,BISKUP Mateusz,Poland,Rowing
1033,BISSEGGER Stefan,Switzerland,Cycling Track
1034,BISSET Catriona,Australia,Athletics
1035,BISSETT Brenden David Nelson,Canada,Hockey
1036,BITHELL Stuart,Great Britain,Sailing
1037,BITOLO Gabriela,Brazil,Handball
1038,BITSCH Noah,Germany,Karate
1039,BITTER Johannes,Germany,Handball
1040,BJELICA Ana,Serbia,Volleyball
1041,BJELJAC Bojana,Croatia,Athletics
1042,BJERENDAL Christine,Sweden,Archery
1043,BJERG Tobias,Denmark,Swimming
1044,BJERREHUUS Fredrik Holmquist,Denmark,Wrestling
1045,BJOERNSEN Kristian,Norway,Handball
1046,BJURBERG KESSIDIS Alex Michel,Sweden,Wrestling
1047,BLAAK Pirmin,Netherlands,Hockey
1048,BLACK Elsabeth,Canada,Artistic Gymnastics
1049,BLACKBURN Angeline,Australia,Athletics
1050,BLACKSTENIUS Stina,Sweden,Football
1051,BLAGOJEVIC Jelena,Serbia,Volleyball
1052,BLAIS-BELANGER Marc-Antoine,Canada,Fencing
1053,BLAKE Jerome,Canada,Athletics
1054,BLAKE Yohan,Jamaica,Athletics
1055,BLANKENAU Jay,Canada,Volleyball
1056,BLAZE Anita,France,Fencing
1057,BLAZHEVSKA EMINOVA Mia,North Macedonia,Swimming
1058,BLAZIC Jaka,Slovenia,Basketball
1059,BLAZQUEZ Joaquin,Argentina,Football
1060,BLECH Torben,Germany,Athletics
1061,BLECHER Eden,Israel,Artistic Swimming
1062,BLEICH Jeremy,Israel,Baseball/Softball
1063,BLEVINS Christopher,United States of America,Cycling Mountain Bike
1064,BLICAVS Sara Kirsti,Australia,Basketball
1065,BLIGNAUT Kyle,South Africa,Athletics
1066,BLIZNETS Yuliya,Belarus,Athletics
1067,BLIZNYUK Anastasia,ROC,Rhythmic Gymnastics
1068,BLOHM Linn,Sweden,Handball
1069,BLOK Justen,Netherlands,Hockey
1070,BLOM Merel,Netherlands,Equestrian
1071,BLOMBERG Emil,Sweden,Athletics
1072,BLOMQVIST Rebecka,Sweden,Football
1073,BLUME Pernille,Denmark,Swimming
1074,BLUMMENFELT Kristian,Norway,Triathlon
1075,BLUNDELL Jenny,Australia,Athletics
1076,BLYDE Michaela,New Zealand,Rugby Sevens
1077,BOARI Lucilla,Italy,Archery
1078,BOATENG Bismark,Canada,Athletics
1079,BOBBS Quanita,South Africa,Hockey
1080,BOBOC Radu,Romania,Football
1081,BOBOCEA Claudia Mihaela,Romania,Athletics
1082,BOBONOV Davlat,Uzbekistan,Judo
1083,BOBRITSKY Shelly,Israel,Artistic Swimming
1084,BOBROVS Daniils,Latvia,Swimming
1085,BOCCARD Gauthier,Belgium,Hockey
1086,BOCCHI Tobia,Italy,Athletics
1087,BOCEKLER Beril,Turkey,Swimming
1088,BOCH Simon,Germany,Athletics
1089,BOCKARIE Solomon,Netherlands,Athletics
1090,BODEGAS Michael Alexandre,Italy,Water Polo
1091,BODENMULLER Eveline,Switzerland,Equestrian
1092,BODNAR Ancuta,Romania,Rowing
1093,BODNAR Maciej,Poland,Cycling Road
1094,BODNARCHUK Mariola,Ukraine,Rhythmic Gymnastics
1095,BODONYI Dora,Hungary,Canoe Sprint
1096,BOGAERTS Rafael,Belgium,3x3 Basketball
1097,BOGDAN Denis,ROC,Volleyball
1098,BOGDANOVIC Tijana,Serbia,Taekwondo
1099,BOGLIOLO Luminosa,Italy,Athletics
1100,BOHACIK Jaromir,Czech Republic,Basketball
1101,BOHE Caroline,Denmark,Cycling Mountain Bike
1102,BOHUS Richard,Hungary,Swimming
1103,BOIVIN Guillaume,Canada,Cycling Road
1104,BOJE Alexandra,Denmark,Badminton
1105,BOKESA Aauri Lorena,Spain,Athletics
1106,BOL Femke,Netherlands,Athletics
1107,BOL Peter,Australia,Athletics
1108,BOLACA Napolioni,Fiji,Rugby Sevens
1109,BOLD Gankhaich,Mongolia,Judo
1110,BOLDSAIKHAN Khongorzul,Mongolia,Wrestling
1111,BOLINGO Cynthia,Belgium,Athletics
1112,BOLL Timo,Germany,Table Tennis
1113,BOLMARO Leandro Nicolas,Argentina,Basketball
1114,BOLOU Marie,France,Sailing
1115,BOLTABOEV Sharofiddin,Uzbekistan,Judo
1116,BOLTO Marc,Spain,Hockey
1117,BOMME Emma Beiter,Denmark,Athletics
1118,BONANNO Nicolas,Argentina,Handball
1119,BONASTRE PEREMATEU Berta,Spain,Hockey
1120,BOND Ashlee,Israel,Equestrian
1121,BOND Hamish,New Zealand,Rowing
1122,BONE Edwina,Australia,Hockey
1123,BONE Oliver,Canada,Sailing
1124,BONEVACIA Liemarvin,Netherlands,Athletics
1125,BONFACE Harriet,Malawi,Judo
1126,BONFIM Caio,Brazil,Athletics
1127,BONGA Isaac,Germany,Basketball
1128,BONGIORNI Anna,Italy,Athletics
1129,BONHOMME Ariane,Canada,Cycling Track
1130,BONIFACIO Emilio,Dominican Republic,Baseball/Softball
1131,BONILLA Andrea Paola,Ecuador,Athletics
1132,BONNAT MICHEL Zacarias,Dominican Republic,Weightlifting
1133,BONNET Charlotte,France,Swimming
1134,BONT Debbie,Netherlands,Handball
1135,BONVALOT Teresa,Portugal,Surfing
1136,BOOKER Devin,United States of America,Basketball
1137,BOON Tom Alain,Belgium,Hockey
1138,BOONZAAIJER Janneke,Netherlands,Equestrian
1139,BOOTH Joshua,Australia,Rowing
1140,BOOTHROYD John Findlay Hammond,Canada,Hockey
1141,BORCH Kjetil,Norway,Rowing
1142,BORCHASHVILI Shamil,Austria,Judo
1143,BORDAS Reka,Hungary,Handball
1144,BORDIER Gabriel,France,Athletics
1145,BORDIGNON Giorgia,Italy,Weightlifting
1146,BORDONE Susanna,Italy,Equestrian
1147,BOREL Yannick,France,Fencing
1148,BORGA Rebecca,Italy,Athletics
1149,BORGER Karla,Germany,Beach Volleyball
1150,BORGES Alexis,Portugal,Handball
1151,BORGES ALMEIDA SILVA Mauricio,Brazil,Volleyball
1152,BORGES Felipe,Brazil,Handball
1153,BORGES Gabriel,Brazil,Sailing
1154,BORGLI Stine,Norway,Cycling Road
1155,BORGOHAIN Lovlina,India,Boxing
1156,BORKOWSKI Mateusz,Poland,Athletics
1850,CLANCY Taliqua,Australia,Beach Volleyball
1851,CLAREBURT Lewis,New Zealand,Swimming
1852,CLARK Tamara,United States of America,Athletics
1853,CLARK Zoey,Great Britain,Athletics
1854,CLARKE Amya,Saint Kitts and Nevis,Athletics
1855,CLARKE Cheavon,Great Britain,Boxing
1856,CLARKE Dominic,Australia,Trampoline Gymnastics
1857,CLARKE Frazer,Great Britain,Boxing
1858,CLARKE Matthew,Australia,Athletics
1859,CLAUDINHO,Brazil,Football
1860,CLAVER Victor,Spain,Basketball
1861,CLAXTON Jane-Anne,Australia,Hockey
1862,CLAY Liz,Australia,Athletics
1863,CLEARY Jack,Australia,Rowing
1864,CLEIRIGH BUTTNER Siofra,Ireland,Athletics
1865,CLEMONS Christina,United States of America,Athletics
1866,CLERGET Axel,France,Judo
1867,CLEVENOT Trevor,France,Volleyball
1868,CLEVERING Ymkje,Netherlands,Rowing
1869,CLEVERLEY Daisy,New Zealand,Football
1870,CLIFTON Tuva'a,Samoa,Canoe Sprint
1871,CLOUVEL Elodie,France,Modern Pentathlon
1872,COATANEA Pauline,France,Handball
1873,COBAN Merve,Turkey,Karate
1874,COBURN Emma,United States of America,Athletics
1875,COCIORAN Marius Iulian,Romania,Athletics
1876,COCIU Daniela,Republic of Moldova,Canoe Sprint
2152,DAWSON Erica,New Zealand,Sailing
2153,DAWSON Jacob,Great Britain,Rowing
2154,DAWSON Kathleen,Great Britain,Swimming
2155,DAWSON Matthew,Australia,Hockey
2156,DAY Noelani Malia,Tonga,Swimming
2157,DAY Riley,Australia,Athletics
2158,DAYAN Ofir,Israel,Rhythmic Gymnastics
2159,DAYIBEKOVA Zaynab,Uzbekistan,Fencing
2160,de ALMEIDA PAULA Paulo Roberto,Brazil,Athletics
2161,de ARAUJO Tamires,Brazil,Handball
2162,de ARRUDA Renata,Brazil,Handball
2163,de BEVER ELLIOT McKenna,Peru,Swimming
2164,de BOD Stefan,South Africa,Cycling Road
2165,de BOER Thom,Netherlands,Swimming
2166,de BROUWER Bregje,Netherlands,Artistic Swimming
2167,de CECCO Luciano,Argentina,Volleyball
2168,de COLO Nando,France,Basketball
2169,de COSTER Gabriel,Belgium,Canoe Slalom
2170,de DEUS Felisberto,Democratic Republic of Timor-Leste,Athletics
2171,de DEUS Leonardo,Brazil,Swimming
2172,de FILIPPIS Mauro,Italy,Shooting
2173,de FREITAS Mya,St Vincent and the Grenadines,Swimming
2174,de GENNARO Giovanni,Italy,Canoe Slalom
2175,de GENNARO Monica,Italy,Volleyball
2176,de GEUS Jonas,Netherlands,Hockey
2177,de GEUS Lilian,Netherlands,Sailing
2178,de GOEDE Eva Roma Maria,Netherlands,Hockey
2179,de GRAAF Sander,Netherlands,Rowing
2180,de GRASSE Andre,Canada,Athletics
2181,de HAITRE Vincent,Canada,Cycling Track
2182,de JESUS dos SANTOS Melanie,France,Artistic Gymnastics
2183,de JONG Roos,Netherlands,Rowing
2184,de JONGE Mark,Canada,Canoe Sprint
2185,de KERPEL Nicolas,Belgium,Hockey
2186,de la CRUZ BAEZ Alexy Miguel,Dominican Republic,Boxing
2187,de la CRUZ CAPANI Jovana,Peru,Athletics
2188,de la CRUZ de PENA Bethania,Dominican Republic,Volleyball
2189,de la CRUZ Eglys Yahima,Cuba,Shooting
2190,DE LA FUENTE Hernan,Argentina,Football
2191,DE LA VEGA Pedro,Argentina,Football
2192,de LANGE Tristan,Namibia,Cycling Road
2193,de LIEDEKERKE-MEIER Lara,Belgium,Equestrian
2194,de LIMA Jucilene Sales,Brazil,Athletics
2195,de LOOF Catie,United States of America,Swimming
2196,de los SANTOS NUNEZ Leonel,Dominican Republic,Boxing
2197,de LUCA Marco,Italy,Athletics
2198,de MARTE Jonathan,Israel,Baseball/Softball
2199,de MOL Joep Paul Eric,Netherlands,Hockey
2200,de MORAIS Andressa,Brazil,Athletics
2201,de NICOLO Marco,Italy,Shooting
2202,de NUTTE Sarah,Luxembourg,Table Tennis
2203,de OLIVEIRA SAAD GATTAZ Caroline,Brazil,Volleyball
2204,de OLIVEIRA Wanderson,Brazil,Boxing
2205,de PAULA PESSOA Rodrigo,Brazil,Equestrian
2206,de ROEY Manon,Belgium,Golf
2207,de SLOOVER Arthur Anne-Marie Thierr,Belgium,Hockey
2208,de SMEDT Jarno,Belgium,Archery
2209,de SOUZA FERREIRA Alessandro,Peru,Shooting
2210,De SOUZA Mauricio Luiz,Brazil,Volleyball
2211,De SOUZA Wallace,Brazil,Volleyball
2212,de TORO DOMINGUEZ Miguel,Spain,Water Polo
2213,de TULLIO Marco,Italy,Swimming
2214,de VELASCO Ines,Spain,Archery
2215,de VRIES Monique,Australia,Sailing
2216,de VYLDER Lindsay,Belgium,Cycling Track
2217,de WAARD Maaike,Netherlands,Swimming
2218,de WAARD Xan Gerdien,Netherlands,Hockey
2219,de WIJN Sander Sebastiaan Robert,Netherlands,Hockey
2220,de WIT Frank,Netherlands,Judo
2221,de WITTE Laura,Netherlands,Athletics
2222,de WITTE Lisanne,Netherlands,Athletics
2223,DEACONU Ronaldo,Romania,Football
2224,DEAN Anthony,Australia,Cycling BMX Racing
2225,DEAN Clark,United States of America,Rowing
2226,DEAN Tom,Great Britain,Swimming
2227,DEARING Alice,Great Britain,Marathon Swimming
2540,DURKACZ Damian,Poland,Boxing
2541,DUSTIN Oliver,Great Britain,Athletics
2542,DUSZYNSKI Kajetan,Poland,Athletics
2543,DUTRA Augusto,Brazil,Athletics
2544,DUTRA Leonardo,Brazil,Handball
2545,DUTTON Phillip,United States of America,Equestrian
2546,DUVERGER PILETA Eyurkenia,Cuba,Weightlifting
2547,DVORSAK Ziva,Slovenia,Shooting
2548,DWI PANGESTU Arif,Indonesia,Archery
2549,DWICAHYO Ade Resky,Azerbaijan,Badminton
2550,DWYER Rasheed,Jamaica,Athletics
2551,DYANKOVA Simona,Bulgaria,Rhythmic Gymnastics
2552,DYGERT Chloe,United States of America,Cycling Road
2553,DYGERT Chloe,United States of America,Cycling Track
2554,DYKE Emma,New Zealand,Rowing
2555,DZHUZUPBEKOV Uzur,Kyrgyzstan,Wrestling
2556,DZIAUGYS Martynas,Lithuania,Rowing
2557,DZIOMINSKAYA Karyna,Belarus,Archery
2558,DZIUBIN Dzmitry,Belarus,Athletics
2559,EASHASH Zeyad Eishaih Hussein,Jordan,Boxing
2560,EATON Jagger,United States of America,Skateboarding
2561,EBADIPOUR GHARA H. Milad,Islamic Republic of Iran,Volleyball
2562,EBENYO Daniel Simiu,Kenya,Athletics
2563,EBERHARDT Alexis Exequiel,Argentina,Shooting
2564,EBERT Leonie,Germany,Fencing
2565,EBZERY Katie,Australia,Basketball
2566,ECHENIQUE Gonzalo,Italy,Water Polo
2567,ECHEVARRIA BENITEZ Lidianny,Cuba,Beach Volleyball
2568,ECHEVARRIA Juan Miguel,Cuba,Athletics
2569,ECHIKUNWOKE Annette,Nigeria,Athletics
2570,ECKHARDT Neele,Germany,Athletics
2571,EDALLI Ludovico,Italy,Artistic Gymnastics
2572,EDEM Offiong,Nigeria,Table Tennis
2573,EDGHILL Chelsea,Guyana,Table Tennis
2574,EDMONDSON Annette,Australia,Cycling Track
2575,EDMONDSTON Holly,New Zealand,Cycling Track
2576,EDTMAYER Tyler,Germany,Skateboarding
2577,EDWARD Alonso,Panama,Athletics
2578,EDWARDS Aaliyah,Canada,Basketball
2579,EDWARDS Blake,Australia,Water Polo
2580,EDWARDS Gavin Earl,Japan,Basketball
2581,EDWARDS Jye,Australia,Athletics
2582,EDWARDS Kai Graeme,Australia,Marathon Swimming
2583,EDWARDS Lachlan Robert,Australia,Water Polo
2584,EDWARDS Rebecca,Great Britain,Rowing
2585,EDWIGE Beatrice,France,Handball
2586,EERLAND Britt,Netherlands,Table Tennis
2587,EFIMOVA Yuliya,ROC,Swimming
2588,EFOLOKO Jona,Great Britain,Athletics
2589,EFREM Ghirmai,Eritrea,Swimming
2590,EFTIMOVA Inna,Bulgaria,Athletics
2591,EGGENS Monika,Canada,Water Polo
2592,EGODAWELA Tehani,Sri Lanka,Shooting
2593,EGONU Paola Ogechi,Italy,Volleyball
2594,EGOROV Aleksandr,ROC,Swimming
2595,EGOROVA Anna,ROC,Swimming
2596,EGUTIDZE Anri,Portugal,Judo
2597,EIBL Ronja,Germany,Cycling Mountain Bike
2598,EID Ali,Bahrain,Handball
2599,EIGEL Pavel,ROC,Canoe Slalom
2600,EIKERMANN GREGORCHUK Jaden Shiloh,Germany,Diving
2601,EISA MOHAMMED Jamal Abdelmaji,Refugee Olympic Team,Athletics
2602,EISSA Seif,Egypt,Taekwondo
2603,EISSER Tracy,United States of America,Rowing
2604,EKBERG Niclas,Sweden,Handball
2605,EKE Nadia,Ghana,Athletics
2606,EKE Uche,Nigeria,Artistic Gymnastics
2607,EKIMOV Leonid,ROC,Shooting
2608,EKINCI Necat,Turkey,Boxing
2609,EKKA Deep Grace,India,Hockey
2610,EKTOVA Irina,Kazakhstan,Athletics
2611,EL AARABY Mohamed Reda,Morocco,Athletics
2612,EL ABBASSI El Hassan,Bahrain,Athletics
2613,EL BAKKALI Soufiane,Morocco,Athletics
2614,EL BOUCHTI Oumaima,Morocco,Taekwondo
2615,EL FATHAOUI Yassine,Italy,Athletics
2616,EL GOUMRI Othmane,Morocco,Athletics
2617,EL GUESSE Abdelati,Morocco,Athletics
2618,EL KOURAJI Mohcine,Morocco,Cycling Road
2619,EL MOUKIM Rkia,Morocco,Athletics
2620,EL SEIFY Ashraf Amgad,Qatar,Athletics
2621,EL WENCH Mahmoud,Egypt,Football
2622,ELAHMAR Ahmed,Egypt,Handball
2623,ELBANA Abdelkhalek,Egypt,Rowing
2624,ELDERAA Seif,Egypt,Handball
2625,ELDERAA Yehia,Egypt,Handball
2626,ELEFTHERIOU Andri,Cyprus,Shooting
2627,ELENDT Anna Charlott Darcel,Germany,Swimming
2628,ELGAMAL Adham Hatem,Egypt,Badminton
2629,ELGAMEL Mostafa,Egypt,Athletics
2630,ELGENDY Ahmed,Egypt,Modern Pentathlon
2631,ELGEZIRY Amro,United States of America,Modern Pentathlon
3086,GADZHIMAGOMEDOV Muslim,ROC,Boxing
3087,GADZHIYEV Khadzhimurad,Azerbaijan,Wrestling
3088,GAFFOOR Aniqah,Sri Lanka,Swimming
3089,GAICH Adolfo,Argentina,Football
3090,GAILEN Blake,Israel,Baseball/Softball
3091,GAITAN Haramara,Mexico,Badminton
3092,GAITERO MARTIN Alberto,Spain,Judo
3093,GAITHER Tynia,Bahamas,Athletics
3094,GAJANOVA Gabriela,Slovakia,Athletics
3095,GAL Edward,Netherlands,Equestrian
3096,GALAL Osama,Egypt,Football
3097,GALAN Daniel Elahi,Colombia,Tennis
3098,GALANT Martyna,Poland,Athletics
3099,GALASHINA Anastasiia,ROC,Shooting
3100,GALASSI Gianluca,Italy,Volleyball
3101,GALBADRAKH Otgontsetseg,Kazakhstan,Judo
3102,GALE Lauren,Canada,Athletics
3103,GALE Tom,Great Britain,Athletics
3104,GALIABOVITCH Elena,Australia,Shooting
3105,GALIMANY Marta,Spain,Athletics
3106,GALL James Richard,Great Britain,Hockey
3107,GALLAGHER Erin,South Africa,Swimming
3108,GALLAGHER Laura,Great Britain,Trampoline Gymnastics
3109,GALLARDO Karen,Chile,Athletics
3110,GALLAY Ana,Argentina,Beach Volleyball
3111,GALLEGO Sara,Spain,Athletics
3112,GALLI Gemma,Italy,Artistic Swimming
3113,GALLINARI Danilo,Italy,Basketball
3114,GALLIZZI Tayavek,Argentina,Basketball
3115,GALOS Roland,Hungary,Boxing
3116,GALVAN Matteo,Italy,Athletics
3117,GALVEZ Fatima,Spain,Shooting
3118,GALVIS Sandra Viviana,Colombia,Athletics
3119,GALYER Ali,New Zealand,Swimming
3120,GAMBETTA Sara,Germany,Athletics
3121,GAMEZ MATOS Elisbet,Cuba,Swimming
3122,GAMMOND Fiona,Great Britain,Rowing
3123,GANDIA Adrian,Puerto Rico,Judo
3124,GANEA George,Romania,Football
3125,GANGL Edina,Hungary,Water Polo
3126,GANIRA Belly-Cresus,Burundi,Swimming
3127,GANJZADEH Sajad,Islamic Republic of Iran,Karate
3128,GANKIN Denis,Kazakhstan,Archery
3129,GANNA Filippo,Italy,Cycling Road
3130,GANNA Filippo,Italy,Cycling Track
3131,GANS Stedman,South Africa,Rugby Sevens
3132,GANTULGA Altanbagana,Mongolia,Judo
3133,GAO Haiyan,People's Republic of China,Sailing
3134,GAO Lei,People's Republic of China,Trampoline Gymnastics
3135,GAO Shiyan,People's Republic of China,3x3 Basketball
3136,GAO Yang,People's Republic of China,Athletics
3137,GAPONOVA Ganna,Ukraine,Table Tennis
3138,GARBETT Matthew,New Zealand,Football
3139,GARCES SEQUERA Claudymar,Venezuela,Karate
3140,GARCI Fadwa,Tunisia,Table Tennis
3141,GARCIA BOISSIER Nicolas,Spain,Diving
3142,GARCIA BRITO Luis Alberto,Dominican Republic,Weightlifting
3143,GARCIA CANELLAS Margarita Victo,Spain,Cycling Road
3144,GARCIA Caroline,France,Tennis
3145,GARCIA Cayetano,Spain,Canoe Sprint
3146,GARCIA Diego,Spain,Athletics
3147,GARCIA Eric,Spain,Football
3148,GARCIA Estefania,Ecuador,Judo
3149,GARCIA GADEA Javier,Croatia,Water Polo
3150,GARCIA GODOY Maica,Spain,Water Polo
3151,GARCIA GRAU Begona,Spain,Hockey
3152,GARCIA Jesus Angel,Spain,Athletics
3153,GARCIA Jose,Honduras,Football
3154,GARCIA Junior,Dominican Republic,Baseball/Softball
3155,GARCIA MARTINEZ Rocio del Alba,Spain,Cycling Mountain Bike
3156,GARCIA MENA Jose Antonio,Spain,Equestrian
3157,GARCIA NAVARRO Ivan,Mexico,Diving
3158,GARCIA ORDONEZ Javier,Spain,Rowing
3159,GARCIA Rachel,United States of America,Baseball/Softball
3160,GARCIA ROBLEDO Antonio,Spain,Handball
3161,GARCIA SAIZ Nicolas,Spain,Swimming
3162,GARCIA Samuel,Spain,Athletics
3163,GARCIA URZAINQUI Marina,Spain,Swimming
3164,GARCIA-CARO Laura,Spain,Athletics
3165,GARDA Krisztina,Hungary,Water Polo
3166,GARDINER Steven,Bahamas,Athletics
3167,GARDNER English,United States of America,Athletics
3168,GARDOS Robert,Austria,Table Tennis
3169,GARDZIELEWSKI Arkadiusz,Poland,Athletics
3170,GARIA Christopher,Netherlands,Athletics
3171,GARINO Patricio,Argentina,Basketball
3172,GARNBRET Janja,Slovenia,Sport Climbing
3173,GAROZZO Daniele,Italy,Fencing
3174,GARRIGOS Francisco,Spain,Judo
3175,GARSIDE Harry,Australia,Boxing
3176,GARUBA Usman,Spain,Basketball
3177,GARZA PEREZ Eugenio,Mexico,Equestrian
3178,GARZON CABALLERO Jeandry,Cuba,Wrestling
3179,GASCH Loic,Switzerland,Athletics
3180,GASOL Marc,Spain,Basketball
3181,GASOL SAEZ Pau,Spain,Basketball
3182,GASPAROTTO Marta,Italy,Baseball/Softball
3183,GASTALDELLO Beryl,France,Swimming
3184,GATE Aaron,New Zealand,Cycling Track
3185,GATT Sasha,Malta,Swimming
3186,GAUCHER Kim,Canada,Basketball
3187,GAUDIANO Emanuele,Italy,Equestrian
3188,GAUDU David,France,Cycling Road
3189,GAUZY Simon,France,Table Tennis
3190,GAVINO GONZALEZ Francisco,Spain,Equestrian
3191,GAVIRA COLLADO Adrian,Spain,Beach Volleyball
3192,GAXIOLA GONZALEZ Luz Daniela,Mexico,Cycling Track
3193,GAY John,Canada,Athletics
3194,GAYE Demish,Jamaica,Athletics
3195,GAYLE Tajay,Jamaica,Athletics
3196,GAYSINSKY Daniel,Canada,Karate
3197,GAZOZ Mete,Turkey,Archery
3198,GAZZARD Kiera,Australia,Artistic Swimming
3199,GBAGBI Ruth,Cote d'Ivoire,Taekwondo
3200,GBANE Seydou,Cote d'Ivoire,Taekwondo
3201,GDULA Lukas,Czech Republic,Athletics
3202,GE Manqi,People's Republic of China,Athletics
3203,GEAY Gabriel Gerald,United Republic of Tanzania,Athletics
3204,GEBBIE Luke,Philippines,Swimming
3205,GEBHARDT Melanie,Germany,Canoe Sprint
3206,GEBREEZIBEHER Freweyni,Ethiopia,Athletics
3207,GEBRESELAMA Tsigie,Ethiopia,Athletics
3208,GEBRHIWET Hagos,Ethiopia,Athletics
3209,GEDULD Justin,South Africa,Rugby Sevens
3210,GEE Derek,Canada,Cycling Track
3211,GEENS Jelle,Belgium,Triathlon
3212,GEIS Oliver,Germany,Shooting
3213,GELANT Elroy,South Africa,Athletics
3214,GELLE Peter,Slovakia,Canoe Sprint
3215,GEMECHU Tsehay,Ethiopia,Athletics
3216,GEMESI Csanad,Hungary,Fencing
3217,GEMILI Adam,Great Britain,Athletics
3218,GENDA Sosuke,Japan,Baseball/Softball
3219,GENEE Dagmar,Netherlands,Water Polo
3220,GENEST Lauriane,Canada,Cycling Track
3221,GENIDOUNIAS Konstantinos,Greece,Water Polo
3222,GENIETS Kevin,Luxembourg,Cycling Road
3223,GENREAU Denis,Australia,Football
3224,GENSHEIMER Uwe,Germany,Handball
3225,GENTILI Giacomo,Italy,Rowing
3226,GENTLE Ashleigh,Australia,Triathlon
3227,GENTY Yann,France,Handball
3228,GENZO Francesca,Italy,Canoe Sprint
3229,GEOGHEGAN HART Tao,Great Britain,Cycling Road
3230,GEORGE Cayla,Australia,Basketball
3231,GEORGE Tom,Great Britain,Rowing
3232,GEORGIEVSKI Dejan,North Macedonia,Taekwondo
3233,GEORGIOU Marios,Cyprus,Artistic Gymnastics
3234,GERAEI Mohammadali,Islamic Republic of Iran,Wrestling
3235,GERAEI Mohammadreza,Islamic Republic of Iran,Wrestling
3236,GERAMIPOOR Aaron,Islamic Republic of Iran,Basketball
3237,GERARD Vincent,France,Handball
3238,GERASHCHENKO Iryna,Ukraine,Athletics
3239,GERASIMOV Egor,Belarus,Tennis
3240,GERASIMOVA Elena,ROC,Artistic Gymnastics
3241,GERASSIMENKO Kirill,Kazakhstan,Table Tennis
3242,GERBER Yanah,South Africa,Water Polo
3243,GERCHEV Yanislav,Bulgaria,Judo
3244,GERMADE Rodrigo,Spain,Canoe Sprint
3245,GERMANIER Sabrina Soledad,Argentina,Volleyball
3246,GERSON Mirco,Switzerland,Beach Volleyball
3247,GESCHKE Simon,Germany,Cycling Road
3248,GEURTS Anouk,Belgium,Sailing
3249,GEURTS Loes,Netherlands,Football
3250,GEZAHEGNE Kalkidan,Bahrain,Athletics
3251,GHAFOUR Amir,Islamic Republic of Iran,Volleyball
3252,GHAMBOUR Alhussein,Libya,Rowing
3253,GHARBI Mehdi,Tunisia,Sailing
3254,GHAREEB Abdulrahman,Saudi Arabia,Football
3255,GHAZAL Majd Eddin,Syrian Arab Republic,Athletics
3256,GHEBREGERGIS Yohanes,Eritrea,Athletics
3257,GHEBREHIWET FANIEL Eyob,Italy,Athletics
3258,GHEBREIGZABHIER Amanuel,Eritrea,Cycling Road
3259,GHELBER Bianca Florentina,Romania,Athletics
3260,GHEORGHE Ion,Romania,Football
3261,GHEORGHE Valentin,Romania,Football
3262,GHIASI CHEKA Morteza,Islamic Republic of Iran,Wrestling
3263,GHITA Virgil,Romania,Football
3817,HAYTER Ethan,Great Britain,Cycling Track
3818,HAYWARD Jeremy Thomas,Australia,Hockey
3819,HAYWARD Katie,Australia,Athletics
3820,HAYWARD Victoria,Canada,Baseball/Softball
3821,HAZIN Jeremy,Canada,Table Tennis
3822,HE Bing Jiao,People's Republic of China,Badminton
3823,HE Junyi,People's Republic of China,Swimming
3824,HE Zhengyang,People's Republic of China,Shooting
3825,HEADING Aaron,Great Britain,Shooting
3826,HEALY Phil,Ireland,Athletics
3827,HEALY Sarah,Ireland,Athletics
3828,HEATH Liam,Great Britain,Canoe Sprint
3829,HEATH Tobin,United States of America,Football
3830,HEATLY James,Great Britain,Diving
3831,HEAVIRLAND Nicole,United States of America,Rugby Sevens
3832,HECHAVARRIA Zurian,Cuba,Athletics
3833,HECKER Tim,Germany,Canoe Sprint
3834,HEDGELAND Jaz,Australia,Triathlon
3835,HEDUIT Carolann,France,Artistic Gymnastics
3836,HEDWIG Grzegorz,Poland,Canoe Slalom
3837,HEEMSKERK Femke,Netherlands,Swimming
3838,HEERING Charlotte,Denmark,Equestrian
3839,HEGARTY Kirsty,Great Britain,Shooting
3840,HEGAZY Ahmed,Egypt,Football
3841,HEGG Jon-Hermann,Norway,Shooting
3842,HEGGEMSNES Sofus,Norway,Artistic Gymnastics
3843,HEGHES Madalina,Romania,Rowing
3844,HEGYI Stephan,Austria,Judo
3845,HEGYVARY Adrian,United States of America,Cycling Track
3846,HEIDRICH Adrian,Switzerland,Beach Volleyball
3847,HEIDRICH Joana,Switzerland,Beach Volleyball
3848,HEIDTMANN Jacob,Germany,Swimming
3849,HEIL Erik,Germany,Sailing
3850,HEIMBERG Michelle,Switzerland,Diving
3851,HEINER Nicholas,Netherlands,Sailing
3852,HEINLE Fabian,Germany,Athletics
3853,HEINTZ Philip,Germany,Swimming
3854,HEINZ Pauline,Germany,Hockey
3855,HEINZER Max,Switzerland,Fencing
3856,HEJNOVA Zuzana,Czech Republic,Athletics
3857,HELAL Rayan,France,Cycling Track
3858,HELCELET Adam Sebastian,Czech Republic,Athletics
3859,HELEBRANDT Mate,Hungary,Athletics
3860,HELMY Yousra,Egypt,Table Tennis
3861,HELSETH Martin,Norway,Rowing
3862,HELVIG Jan Oscar Stabe,Norway,Rowing
3863,HEM Puch,Cambodia,Swimming
3864,HEMIDA Bassant,Egypt,Athletics
3865,HEMP Lauren,Great Britain,Football
3866,HENCKELS Jeff,Luxembourg,Archery
3867,HENDAWY Karim,Egypt,Handball
3868,HENDERSON Brooke,Canada,Golf
3869,HENDERSON Rebecca,Australia,Athletics
3870,HENDRICKX Alexander Robby P,Belgium,Hockey
3871,HENDRIX Robin,Belgium,Athletics
3872,HENIQUE Melanie,France,Swimming
3873,HENNESSY Brisa,Costa Rica,Surfing
3874,HENRICHS Benjamin,Germany,Football
3875,HENRIKSEN Eivind,Norway,Athletics
3876,HENTKE Franziska,Germany,Swimming
3877,HEO Kwanghee,Republic of Korea,Badminton
3878,HERBERT Pierre-Hugues,France,Tennis
3879,HERDER Philipp,Germany,Artistic Gymnastics
3880,HEREDIA VIVES Aleix,Spain,Modern Pentathlon
3881,HEREY Anatolii,Ukraine,Fencing
3882,HERIN AVILA Laura,Cuba,Wrestling
3883,HERING Christina,Germany,Athletics
3884,HERING-PRADLER Sabrina,Germany,Canoe Sprint
3885,HERMAN Elvira,Belarus,Athletics
3886,HERMANNOVA Barbora,Czech Republic,Beach Volleyball
3887,HERNANDEZ Angel,Colombia,Trampoline Gymnastics
3888,HERNANDEZ ENCARNACION Moises,Dominican Republic,Taekwondo
3889,HERNANDEZ GARCIA Miguelina,Dominican Republic,Boxing
3890,HERNANDEZ Hailey,United States of America,Diving
3891,HERNANDEZ MONZON Dolores,Mexico,Diving
3892,HERNANDEZ SERRADOR Ainhoa,Spain,Handball
3893,HERNANGOMEZ GEUER Willy,Spain,Basketball
3894,HERNANGOMEZ Juancho,Spain,Basketball
3895,HEROUI Salim,Algeria,Fencing
3896,HERREM Camilla,Norway,Handball
3897,HERRERA ABREU Johanelis,Italy,Athletics
3898,HERRERA Arnoldo,Costa Rica,Swimming
3899,HERRERA ALLEPUZ Pablo,Spain,Beach Volleyball
3900,HERRERA Marcelo,Argentina,Football
3901,HERRERA RODRIGUEZ Candelaria Lucia,Argentina,Volleyball
3902,HERSHKO Raz,Israel,Judo
3903,HERTTRICH Isabel,Germany,Badminton
3904,HERTZBERGER Jeroen,Netherlands,Hockey
3905,HERZBRUCH Timm Alexander,Germany,Hockey
3906,HERZOG Andrea,Germany,Canoe Slalom
3907,HERZOG Peter,Austria,Athletics
3908,HESS Max,Germany,Athletics
3909,HESSELBJERG Ole,Denmark,Athletics
3910,HESTER Carl,Great Britain,Equestrian
3911,HETHAT Yassine,Algeria,Athletics
3912,HEURTAULT Leila,France,Karate
3913,HEURTEL Thomas,France,Basketball
3914,HEYWARD Jake,Great Britain,Athletics
3915,HIBINO Nao,Japan,Tennis
3916,HICKEY Samuel,Mexico,Baseball/Softball
3917,HICKLING Tissanna,Jamaica,Athletics
3918,HICKS Joshua,Australia,Rowing
3919,HICKS Malcolm,New Zealand,Athletics
3920,HICKS Michael,Poland,3x3 Basketball
3921,HIEJIMA Makoto,Japan,Basketball
3922,HIEKAL Hanna,Egypt,Artistic Swimming
3923,HIGASHINO Arisa,Japan,Badminton
3924,HIGGO Garrick,South Africa,Golf
3925,HIGUITA GARCIA Sergio Andres,Colombia,Cycling Road
3926,HIKOSAKA Masakatsu,Japan,Rugby Sevens
3927,HILBERT Jonathan,Germany,Athletics
3928,HILDEBRANDT Sarah Ann,United States of America,Wrestling
3929,HILL Alexander,Australia,Rowing
3930,HILL Amber,Great Britain,Shooting
3931,HILL Danielle,Ireland,Swimming
3932,HILL Darrell,United States of America,Athletics
3933,HILL Kimberly,United States of America,Volleyball
3934,HINDES Philip,Great Britain,Cycling Track
3935,HINDI Abdulbasit,Saudi Arabia,Football
3936,HINDS Natalie,United States of America,Swimming
3937,HINDS Tia,Australia,Rugby Sevens
3938,HINKATI Privel,Benin,Rowing
3939,HINZE Emma,Germany,Cycling Track
3940,HIRAIWA Yuna,Japan,Artistic Gymnastics
3941,HIRAKI Kokona,Japan,Skateboarding
3942,HIRANO Ayumu,Japan,Skateboarding
3943,HIRANO Miu,Japan,Table Tennis
3944,HIRANO Yume,Japan,Rugby Sevens
3945,HIRAO Chika,Japan,Football
3946,HIRATA Shiori,Japan,Shooting
3947,HIRAYAMA Nathan,Canada,Rugby Sevens
3948,HIRINI Sarah,New Zealand,Rugby Sevens
3949,HIRONAKA Ririka,Japan,Athletics
3950,HIROTA Sayaka,Japan,Badminton
3951,HIROTSU Haruka,Japan,Rugby Sevens
3952,HIRSCHI Marc,Switzerland,Cycling Road
3953,HIXON Michael,United States of America,Diving
3954,HLADIYCHUK Yana,Ukraine,Athletics
3955,HLAVAC Vit,Czech Republic,Athletics
3956,HLIMI EP MOULAHI Khouloud,Tunisia,Boxing
3957,HMAM Adam,Tunisia,Table Tennis
3958,HMISSI Saddem,Tunisia,Volleyball
3959,HO Alessandra,Australia,Artistic Swimming
3960,HO Ian Yentou,"Hong Kong, China",Swimming
3961,HO Kwan Kit,"Hong Kong, China",Table Tennis
3962,HO Nam Wai Tinky,"Hong Kong, China",Swimming
3963,HO Thomas Heffernan,"Hong Kong, China",Equestrian
3964,HO Tin-Tin,Great Britain,Table Tennis
3965,HO-GARCIA Gabriel Wing-Chuen,Canada,Hockey
3966,HO-SHUE Jason,Canada,Badminton
3967,HOAG Nicholas,Canada,Volleyball
3968,HOANG Thi Duyen,Vietnam,Weightlifting
3969,HOANG Xuan Vinh,Vietnam,Shooting
3970,HOARE Oliver,Australia,Athletics
3971,HOBBS Aleia,United States of America,Athletics
3972,HOCAOGLU AKYOL Meltem,Turkey,Karate
3973,HOCKER Cole,United States of America,Athletics
3974,HOCKIN Benjamin,Paraguay,Swimming
3975,HODEL Andrina,Switzerland,Athletics
3976,HODGES Chelsea,Australia,Swimming
3977,HODGES Jessie,New Zealand,Cycling Track
3978,HODGKINS BYRNE Charlotte,Great Britain,Rowing
3979,HODGKINS BYRNE Mathilda,Great Britain,Rowing
3980,HODGKINSON Keely,Great Britain,Athletics
3981,HOEFLER Kelvin,Brazil,Skateboarding
3982,HOEJGAARD Rasmus,Denmark,Golf
3983,HOELGAARD Markus,Norway,Cycling Road
3984,HOESCH Adrian,American Samoa,Sailing
3985,HOFBAUER Trevor,Canada,Athletics
3986,HOFF Max,Germany,Canoe Sprint
3987,HOFFMAN Leigh,Australia,Cycling Track
3988,HOFFMANN Lore,Switzerland,Athletics
3989,HOFMANN Andreas,Germany,Athletics
3990,HOGERWERF Ellen,Netherlands,Rowing
3991,HOKAZONO Jumpei,Japan,Sailing
3992,HOLASOVA Aneta,Czech Republic,Artistic Gymnastics
3993,HOLBURA Maria,Romania,Artistic Gymnastics
3994,HOLDEN Lizzy,Ireland,Hockey
3995,HOLIDAY Jrue,United States of America,Basketball
3996,HOLLAND Drew,United States of America,Water Polo
3997,HOLLAND Vicky,Great Britain,Triathlon
3998,HOLLARD Tristan,Australia,Swimming
3999,HOLLAUS Lukas,Austria,Triathlon
4000,HOLLOWAY Grant,United States of America,Athletics
4001,HOLM Jacob,Denmark,Handball
4002,HOLMER Erik,Sweden,Canoe Slalom
4003,HOLMES Jordan,Australia,Football
4004,HOLMES Katharine,United States of America,Fencing
4005,HOLSTEIN Heike,Ireland,Equestrian
4006,HOLT Maxwell,United States of America,Volleyball
4007,HOLTERMAN Jill,Netherlands,Athletics
4008,HOLUB Tamila,Portugal,Swimming
4009,HOLUB-KOWALIK Malgorzata,Poland,Athletics
4010,HOMER Daryl,United States of America,Fencing
4011,HOMRANI EP ZAYANI Mariem,Tunisia,Boxing
4012,HONDA Tomoru,Japan,Swimming
4013,HONDERICH Rachel,Canada,Badminton
4014,HOOGLAND Jeffrey,Netherlands,Cycling Track
4015,HOOPER Gloria,Italy,Athletics
4016,HOOPER Johnny,United States of America,Water Polo
4017,HOOVER Gavin,United States of America,Cycling Track
4018,HOPE Lucy,Great Britain,Swimming
4019,HOPINK Lisa,Germany,Swimming
4020,HOPKIN Anna,Great Britain,Swimming
4021,HOPKINS Yolanda,Portugal,Surfing
4419,JI Xinjie,People's Republic of China,Swimming
4420,JIA Yi Fan,People's Republic of China,Badminton
4421,JIANG Ranxin,People's Republic of China,Shooting
4422,JIANG Yan,People's Republic of China,Rowing
4423,JIEWCHALOEMMIT Sutiya,Thailand,Shooting
4424,JIMENEZ Andrea,Spain,Athletics
4425,JIMENEZ ARROBO Jordy Rafael,Ecuador,Athletics
4426,JIMENEZ GARCIA Joana,Mexico,Artistic Swimming
4427,JIMENEZ Kristine,Panama,Judo
4428,JIMENEZ Yastin,Chile,Football
4429,JIN An,Republic of Korea,Basketball
4430,JIN Jongoh,Republic of Korea,Shooting
4431,JIN Minsub,Republic of Korea,Athletics
4432,JIN Ye,People's Republic of China,Sailing
4433,JIN Yunseong,Republic of Korea,Weightlifting
4434,JIRKA Jan,Czech Republic,Athletics
4435,JITPONG Jutamas,Thailand,Boxing
4436,JO Harang,Republic of Korea,Handball
4437,JOAO Carolina,Portugal,Sailing
4438,JOBODWANA Anaso,South Africa,Athletics
4439,JODAR Celia,Morocco,Canoe Slalom
4440,JODOIN di MARIA Sarah,Italy,Diving
4441,JOENDAL Magnus,Norway,Handball
4442,JOERGENSEN Emma Cecilie,Denmark,Cycling Road
4443,JOGLOVA Marcela,Czech Republic,Athletics
4444,JOHANNES Helalia,Namibia,Athletics
4445,JOHANNES Marine,France,Basketball
4446,JOHANNESEN Torben,Germany,Rowing
4447,JOHANNESSEN Tobias Halland,Norway,Cycling Road
4448,JOHANSEN Christina,Denmark,Rowing
4449,JOHANSEN Julius,Denmark,Cycling Track
4450,JOHANSEN Vilde Ingeborg,Norway,Handball
4451,JOHANSSON Henna Katarina,Sweden,Wrestling
4452,JOHANSSON Victor,Sweden,Swimming
4453,JOHANSSON Vidar,Sweden,Athletics
4454,JOHNER Melody,Switzerland,Equestrian
4455,JOHNSON Ashleigh,United States of America,Water Polo
4456,JOHNSON Cheswill,South Africa,Athletics
4457,JOHNSON Delante,United States of America,Boxing
4458,JOHNSON Keldon,United States of America,Basketball
4459,JOHNSON Robyn,South Africa,Hockey
4460,JOHNSON-THOMPSON Katarina,Great Britain,Athletics
4461,JOHNSTON Clarissa,South Africa,Artistic Swimming
4462,JOHNSTON Gordon Mackenzi,Canada,Hockey
4463,JOKOVIC Maro,Croatia,Water Polo
4464,JOLY Audrey,Canada,Artistic Swimming
4465,JONAS Jonas,Namibia,Boxing
4466,JONES Harriet,Great Britain,Swimming
4467,JONES Harry,Canada,Rugby Sevens
4468,JONES Jade,Great Britain,Taekwondo
4469,JONES Jonathan,Barbados,Athletics
4470,JONES JR Jonathan,Mexico,Baseball/Softball
4471,JONES Luuka,New Zealand,Canoe Slalom
4472,JONES Megan,Great Britain,Rugby Sevens
4473,JONES Oshae,United States of America,Boxing
4474,JONES Stephen,New Zealand,Rowing
4475,JONES Sarah Louise,Great Britain,Hockey
4476,JONES Trevor,Canada,Rowing
4477,JONES William,Canada,Sailing
4478,JONSSON Cecilia,Sweden,Sailing
4479,JOPP Tessa,New Zealand,Hockey
4480,JOPPICH Peter,Germany,Fencing
4481,JORDIER Thomas,France,Athletics
4482,JORGE ENRIQUEZ Fernando Dayan,Cuba,Canoe Sprint
4483,JORGENSEN Emma Aastrand,Denmark,Canoe Sprint
4484,JORGIC Darko,Slovenia,Table Tennis
4485,JORUNNARDOTTIR Snaefridur Sol,Iceland,Swimming
4486,JOSE TIMA Ana Lucia,Dominican Republic,Athletics
4487,JOSEPH Gemima,France,Athletics
4488,JOSEPH Gulfam,Pakistan,Shooting
4489,JOSEPH Jason,Switzerland,Athletics
4490,JOURDENAIS Vincent,Canada,Canoe Sprint
4491,JOUSTRA Kitty,Netherlands,Water Polo
4492,JOVANOSKA Puliksenija,North Macedonia,Karate
4493,JOVANOVIC Nevena,Serbia,Basketball
4494,JOYCE Jasmine,Great Britain,Rugby Sevens
4495,JOZWIK Joanna,Poland,Athletics
4496,JU Hui,Republic of Korea,Handball
4497,JU Rui,People's Republic of China,Rowing
4498,JUANTORENA Osmany,Italy,Volleyball
4499,JUCINARA,Brazil,Football
4500,JUDD Jessica,Great Britain,Athletics
4501,JUETTNER Jasmin,Germany,Karate
4502,JULIA,Brazil,Football
4503,JULIUS Ryan Cowen,South Africa,Hockey
4504,JUNEAU Cory,United States of America,Skateboarding
4505,JUNEVIK Sara,Sweden,Swimming
4506,JUNG Ji In,Republic of Korea,Handball
4507,JUNG Jinhwa,Republic of Korea,Modern Pentathlon
4508,JUNG Michael,Germany,Equestrian
4509,JUNG Yura,Republic of Korea,Handball
4510,JUNGBLUT Tanumafili Malietoa,American Samoa,Weightlifting
4511,JUNGBLUT Viviane,Brazil,Swimming
4512,JUNGFLEISCH Marie-Laurence,Germany,Athletics
4513,JUNGHANNSS Karl,Germany,Athletics
4514,JUNGMAN Phillip Russell,United States of America,Shooting
4515,JUNIOR Aldemir,Brazil,Athletics
4516,JUNIOR Josh,New Zealand,Sailing
4517,JUNKER Torben,Germany,Athletics
4518,JUNNILA Ella,Finland,Athletics
4519,JURADO LOPEZ Christofer,Panama,Cycling Road
4520,JURADO LOPEZ Severo,Spain,Equestrian
4521,JURADO Sebastian,Mexico,Football
4522,JURAK Darija,Croatia,Tennis
4523,JURKA Jakub,Czech Republic,Fencing
4524,JUST Elijah,New Zealand,Football
4525,JUTANUGARN Ariya,Thailand,Golf
4526,KAAGMAN Inessa,Netherlands,Football
4527,KAAZOUZI Brahim,Morocco,Athletics
4528,KABATSKIY Maxim,ROC,Shooting
4529,KABBARA Munzer Mark,Lebanon,Swimming
4530,KACHUR Yana,Ukraine,Athletics
4531,KACSER Zita,Hungary,Athletics
4532,KACZMAREK Lukasz,Poland,Volleyball
4533,KACZMAREK Natalia,Poland,Athletics
4534,KADDAH Hassan,Egypt,Handball
4535,KADDARI Dalia,Italy,Athletics
4536,KADHI Ahmed,Tunisia,Volleyball
4537,KADIU Kledi,Albania,Swimming
4538,KADZIMAHAMEDAU Mahamedkhabib,Belarus,Wrestling
4539,KAEI Lorine Chebet,Kenya,Volleyball
4540,KAELLBERG Anton,Sweden,Table Tennis
4541,KAELLBERG Christina,Sweden,Table Tennis
4542,KAGAWA Mele Yua Havili,Japan,Rugby Sevens
4543,KAGIALIS Pavlos,Greece,Sailing
4544,KAHLER Marlene,Austria,Swimming
5463,LEMONIOUS Phillip,Jamaica,Athletics
5464,LEMOS Ana Claudia,Brazil,Athletics
5465,LENDORE Deon,Trinidad and Tobago,Athletics
5466,LENNOX Hugo,Ireland,Rugby Sevens
5467,LEON Adriana,Canada,Football
5468,LEON Danny,Spain,Skateboarding
5469,LEON Karen,Venezuela,Judo
5470,LEON VENERO Wilfredo,Poland,Volleyball
5471,LEONARDI Giuseppe,Italy,Athletics
5472,LEONG Mun Yee,Malaysia,Diving
5473,LEPAGE Pierce,Canada,Athletics
5474,LEPREVOST Penelope,France,Equestrian
5475,LESAFFRE Fantine,France,Swimming
5476,LESCAY GAY Lester Alcides,Cuba,Athletics
5477,LESHUKOV Ilya,ROC,Beach Volleyball
5478,LESIEWICZ Kornelia,Poland,Athletics
5479,LESIUK Artem,Ukraine,Judo
5480,LESSMANN Lara Marie,Germany,Cycling BMX Freestyle
5481,LETCHER Luke,Australia,Rowing
5482,LETH Julie,Denmark,Cycling Track
5483,LETICIA,Brazil,Football
5484,LETT Dane,New Zealand,Hockey
5485,LEUNG Bo Yee,"Hong Kong, China",Cycling Track
5486,LEUNG Janet,Canada,Baseball/Softball
5487,LEUNG Simon Wing Hang,Australia,Badminton
5488,LEURINK Laurien,Netherlands,Hockey
5489,LEUTA Matai,United States of America,Rugby Sevens
5490,LEVAJAC Dimitrije,Serbia,Table Tennis
5491,LEVCHENKO Yuliya,Ukraine,Athletics
5492,LEVERDEZ Brice,France,Badminton
5493,LEVERETT Henry Turner,United States of America,Shooting
5494,LEVERETT III Jack Hobson,United States of America,Shooting
5495,LEVI Maddison,Australia,Rugby Sevens
5496,LEVINS Cameron,Canada,Athletics
5497,LEVIT Vassiliy,Kazakhstan,Boxing
6579,MOLA Mario,Spain,Triathlon
6580,MOLDAUER Yul,United States of America,Artistic Gymnastics
6581,MOLESCHI Kayla,Canada,Rugby Sevens
6582,MOLIA Sione,New Zealand,Rugby Sevens
6583,MOLIKOE Edith,South Africa,Hockey
6584,MOLINARO Giulia,Italy,Golf
6585,MOLINAROLO Elisa,Italy,Athletics
6586,MOLLAEI Saeid,Mongolia,Judo
6587,MOLLEMA Bauke,Netherlands,Cycling Road
6588,MOLLER Anna Emilie,Denmark,Athletics
6589,MOLONEY Ashley,Australia,Athletics
6590,MOLTENI Andres,Argentina,Tennis
6591,MOMII Aki,Japan,Volleyball
6592,MOMIKI Yuka,Japan,Football
6593,MOMOTA Kento,Japan,Badminton
6594,MONETA Marcos,Argentina,Rugby Sevens
6595,MONFILS Gael,France,Tennis
6596,MONIKA,India,Hockey
6597,MONNA Paolo,Italy,Shooting
6598,MONSON Alicia,United States of America,Athletics
6599,MONTAG Jemima,Australia,Athletics
6600,MONTAG Jennifer,Germany,Athletics
6601,MONTANA Jose,Colombia,Athletics
6602,MONTANO Aldo,Italy,Fencing
6603,MONTCALM Noelle,Canada,Athletics
6604,MONTEIRO Ana,Portugal,Swimming
6605,MONTEIRO Joao,Portugal,Table Tennis
6606,MONTEIRO Telma,Portugal,Judo
6607,MONTEIRO Thiago,Brazil,Tennis
6608,MONTERO RAMOS Ludia Marguiela,Cuba,Weightlifting
6609,MONTES Cesar,Mexico,Football
7569,PERCIVAL Peniamina,Samoa,Judo
7570,PERCIVAL Ria,New Zealand,Football
7571,PEREIRA Brandon Anthony,Canada,Hockey
7572,PEREIRA Joao,Portugal,Triathlon
7573,PEREIRA Keegan Reginald,Canada,Hockey
7574,PEREIRA Mito,Chile,Golf
7575,PEREIRA Natalia,Brazil,Volleyball
7576,PEREIRA Tiago,Portugal,Athletics
7577,PEREIRA Veronica Shanti,Singapore,Athletics
7578,PERELLO Michael,Honduras,Football
7579,PERENC Agata,Poland,Judo
7580,PEREVOZNIKOV Serhiy,Ukraine,Athletics
7581,PEREYRA Federico,Argentina,Volleyball
7582,PEREZ BLANCO Jimena,Spain,Swimming
7583,PEREZ BOX Ana,Spain,Judo
7584,PEREZ Cecilia,Mexico,Triathlon
7585,PEREZ de VARGAS MORENO Gonzalo,Spain,Handball
7586,PEREZ Ellen,Australia,Tennis
7587,PEREZ GRASSET Macarena,Chile,Cycling BMX Freestyle
7588,PEREZ Irving,Mexico,Triathlon
7589,PEREZ Juan,Mexico,Sailing
7590,PEREZ LAGUNAS Beatriz,Spain,Hockey
7591,PEREZ Laina,Cuba,Shooting
7592,PEREZ Leyanis,Cuba,Athletics
7593,PEREZ MAURICE Maria Belen,Argentina,Fencing
7594,PEREZ Maria Isabel,Spain,Athletics
7595,PEREZ Maria,Puerto Rico,Judo
7596,PEREZ Maria,Spain,Athletics
7597,PEREZ Marta,Spain,Athletics
7598,PEREZ Mayra,Guatemala,Athletics
7599,PEREZ Nehuen,Argentina,Football
7600,PEREZ Oliver,Mexico,Baseball/Softball
7601,PEREZ POLO Javier,Spain,Taekwondo
7602,PEREZ Paola,Ecuador,Athletics
7603,PEREZ Paola,Venezuela,Marathon Swimming
7604,PEREZ REVERON Naryury Alexandra,Venezuela,Weightlifting
7605,PEREZ TIGRERO Mercedes Isabel,Colombia,Weightlifting
7606,PEREZ Yaime,Cuba,Athletics
7607,PEREZ Yefri,Dominican Republic,Baseball/Softball
7608,PERGEL Szandra,Hungary,Table Tennis
7609,PERIAULT Leonie,France,Triathlon
7610,PERIBONIO AVILA Tomas,Ecuador,Swimming
7611,PERILLI Alessandra,San Marino,Shooting
7612,PERIS Brooke,Australia,Hockey
7613,PERISIC Marica,Serbia,Judo
7614,PERKOVIC Miroslav,Montenegro,Water Polo
7615,PERKOVIC Sandra,Croatia,Athletics
7616,PERLAZA Jhon Alejandro,Colombia,Athletics
7617,PERMATAHANI Azzahra,Indonesia,Swimming
7618,PERNSTEINER Hermann,Austria,Cycling Road
7619,PERO Dainier,Cuba,Boxing
7620,PERRIN John Gordon,Canada,Volleyball
7621,PERRONE ROCHA Felipe,Spain,Water Polo
7622,PERSAUD Aleka,Guyana,Swimming
7623,PERSE Spela,Slovenia,Marathon Swimming
7624,PERSOGLIA Paolo,San Marino,Judo
7625,PERSSON Erik,Sweden,Swimming
7626,PERTERER Lisa,Austria,Triathlon
7771,PLOGMANN Luca,Germany,Football
7772,PLOUFFE Maeve,Australia,Cycling Track
7773,PLUM Kelsey,United States of America,3x3 Basketball
7774,POCHTAROV Artem,Ukraine,Badminton
7775,PODKOPAEVA Anna,ROC,Volleyball
7776,PODLESNYKH Yaroslav,ROC,Volleyball
7777,PODMANIKOVA Andrea,Slovakia,Swimming
7778,PODOLSKAIA Natalia,ROC,Canoe Sprint
7779,PODOROSKA Nadia,Argentina,Tennis
7780,PODRAZIL Jakub,Czech Republic,Rowing
7781,POGACAR Tadej,Slovenia,Cycling Road
7782,POGGIO Federico,Italy,Swimming
7783,POGLAJEN Cristian,Argentina,Volleyball
7784,POGREBNIAK Mariia,ROC,Rugby Sevens
7785,POH Joan,Singapore,Rowing
7786,POHLE Hagen,Germany,Athletics
7787,POHORILKO Oleksandr,Ukraine,Athletics
7788,POHRANYCHNA Khrystyna,Ukraine,Rhythmic Gymnastics
7789,POIRIER Vincent,France,Basketball
7790,POLAK Eleni-Klaoudia,Greece,Athletics
7791,POLANCO EMILIANO Rohan,Dominican Republic,Boxing
7792,POLANCO RIJO Hillary Wanderson,Italy,Athletics
7793,POLASEK Filip,Slovakia,Tennis
7794,POLCANOVA Sofia,Austria,Table Tennis
7795,POLETAEV Victor,ROC,Volleyball
7796,POLIAKOVA Mariia,ROC,Diving
7797,POLIANA,Brazil,Football
7798,POLIASHOV Vladislav,ROC,Artistic Gymnastics
7799,POLIDORI Erika,Canada,Baseball/Softball
7800,POLIKARPOVA Ksenia,Israel,Badminton
7801,POLINARI Anna,Italy,Athletics
7802,POLKINGHORNE Clare,Australia,Football
7803,POLLERES Michaela,Austria,Judo
7804,POLLOCK Paul,Ireland,Athletics
7960,QUAN Hongchan,People's Republic of China,Diving
7961,QUAN Xin,People's Republic of China,Canoe Slalom
7962,QUEIROS Raquel,Portugal,Cycling Mountain Bike
7963,QUEIROZ dos SANTOS Isaquias,Brazil,Canoe Sprint
7964,QUEMADA CADAFALCH Pau,Spain,Hockey
7965,QUILES BROTONS Jose,Spain,Boxing
7966,QUINN,Canada,Football
7967,QUINONES Isalys,Puerto Rico,Basketball
7968,QUINONEZ Alex,Ecuador,Athletics
7969,QUINTANA Nairo,Colombia,Cycling Road
7970,QUINTAS Pedro,Brazil,Skateboarding
7971,QUINTERO CHAVARRO Kevin Santiago,Colombia,Cycling Track
7972,QUINTERO DIAZ Rafael,Puerto Rico,Diving
7973,QUINTERO Damian,Spain,Karate
7974,QUINTERO Jose,Venezuela,Fencing
7975,QUIQUAMPOIX Jean,France,Shooting
7976,QUIRICI Elena,Switzerland,Karate
7977,QUIROGA Ramon Nicanor,Argentina,Boxing
7978,QUIZELETE Marilia,Angola,Handball
7979,RABARIJAONA Tiana,Madagascar,Swimming
7980,RABEARISON Todisoa Franck,Madagascar,Athletics
7981,RACHIK Yassine,Italy,Athletics
7982,RADICEVIC Jovanka,Montenegro,Handball
7983,RADINIYAVUNI Roela,Fiji,Rugby Sevens
7984,RADIS Simona,Romania,Rowing
7985,RADIVILOV Igor,Ukraine,Artistic Gymnastics
7986,RADJI Nafissath,Benin,Swimming
7987,RADOVANOVIC Nina,Serbia,Boxing
7988,RADRADRA Semi,Fiji,Rugby Sevens
8161,REZNICHENKO Darya,Uzbekistan,Athletics
8162,REZNIK Kateryna,Ukraine,Artistic Swimming
8163,REZOLA VOISARD Ruben,Argentina,Canoe Sprint
8164,RI Haku,Japan,Volleyball
8165,RIABUSHENKO Aleksandr,Belarus,Cycling Road
8166,RIBEIRO Aline,Brazil,Rugby Sevens
8167,RIBEIRO Gustavo,Portugal,Skateboarding
8168,RIBEIRO Joao,Portugal,Canoe Sprint
8169,RIBEIRO Sara Catarina,Portugal,Athletics
8170,RICCHI Beatrice,Italy,Baseball/Softball
8171,RICH-BAGHUELOU Jay,Australia,Football
8172,RICHARDS Alexander,United States of America,Rowing
8173,RICHARDS Evie,Great Britain,Cycling Mountain Bike
8174,RICHARDS Jereem,Trinidad and Tobago,Athletics
8175,RICHARDS Matthew,Great Britain,Swimming
8176,RICHARDSON Matthew,Australia,Cycling Track
8177,RICHARDSON Melvyn,France,Handball
8178,RICHARDSSON Camilla,Finland,Athletics
8179,RICHARLISON,Brazil,Football
8180,RICHTER Marco,Germany,Football
8181,RICHTER Sergey,Israel,Shooting
8182,RICKETTS Shanieka,Jamaica,Athletics
8183,RICKLES Nick,Israel,Baseball/Softball
8184,RIDENOUR Payton,United States of America,Cycling BMX Racing
8185,RIDGE Amy,Australia,Water Polo
8186,RIEDEMANN Laura,Germany,Swimming
8187,RIEDER Celine,Germany,Swimming
8292,ROHDE Leon,Germany,Cycling Track
8293,ROHIDAS Amit,India,Hockey
8294,ROJAS Brenda,Argentina,Canoe Sprint
8295,ROJAS CONCHA Marcos Antonio,Peru,Weightlifting
8296,ROJAS da SILVA Artur Bruno,Bolivia,Athletics
8297,ROJAS Yulimar,Venezuela,Athletics
8298,ROJER Jean-Julien,Netherlands,Tennis
8299,ROL Frederique,Switzerland,Rowing
8300,ROLFO Fridolina,Sweden,Football
8301,ROLSTON Emma,New Zealand,Football
8302,ROMAN Aida,Mexico,Archery
8303,ROMAN Lisa,Canada,Rowing
8304,ROMANCHUK Mykhailo,Ukraine,Swimming
8305,ROMANI Darlan,Brazil,Athletics
8306,ROMASENKO Olesia,ROC,Canoe Sprint
8307,ROMASHINA Svetlana,ROC,Artistic Swimming
8308,ROMEIKE Louise,Sweden,Equestrian
8309,ROMERO Natalia,Spain,Athletics
8310,ROMERO Sydney,Mexico,Baseball/Softball
8311,ROMERO TORRES Rogelio,Mexico,Boxing
8312,ROMERO Yeykell Eliuth,Nicaragua,Athletics
8313,ROMEU ARGEMI Josep,Spain,Hockey
8314,ROMEU Jucielen,Brazil,Boxing
8315,ROMMELMANN Jonathan,Germany,Rowing
8316,ROMO Luis,Mexico,Football
8317,RONG Ningning,People's Republic of China,Wrestling
8318,ROOK James,Australia,Rowing
8319,ROONEY Natalie,New Zealand,Shooting
8320,ROORD Jill,Netherlands,Football
8321,ROOS Fanny,Sweden,Athletics
8322,ROOS Laurence,Belgium,Equestrian
8323,ROPER Christine,Canada,Rowing
8324,ROPER Miryam,Panama,Judo
8325,ROPER Phillip,Great Britain,Hockey
8326,ROSA FIGUEIREDO Nathasha,Brazil,Weightlifting
8327,ROSA Pamela,Brazil,Skateboarding
8328,ROSA Vitoria Cristina,Brazil,Athletics
8329,ROSADO Pamela,Puerto Rico,Basketball
8330,ROSAFIO Danilo,Kenya,Swimming
8331,ROSAS Daniella,Peru,Surfing
8332,ROSE Alex,Samoa,Athletics
8572,SANDERSON Kate Farley,Canada,Marathon Swimming
8573,SANDGREN Tennys,United States of America,Tennis
8574,SANDOVAL Alvaro,Mexico,Modern Pentathlon
8575,SANES Adriel,"Virgin Islands, US",Swimming
8576,SANFORD Liam,Great Britain,Hockey
8577,SANFORD Wyatt,Canada,Boxing
8578,SANGALA Stefan,Congo,Swimming
8579,SANHUEZA Eber,Chile,Rowing
8580,SANI BROWN Abdul Hakim,Japan,Athletics
8581,SANITA Andre,Germany,Fencing
8582,SANSORES Carlos,Mexico,Taekwondo
8583,SANTANA MARIN Jose Luis,Mexico,Athletics
8584,SANTANA PEGUERO Crismery Dominga,Dominican Republic,Weightlifting
8585,SANTANDREA Martina,Italy,Rhythmic Gymnastics
8586,SANTARELLI Andrea,Italy,Fencing
8587,SANTAVY Boady Robert,Canada,Weightlifting
8588,SANTESTEBAN GONZALEZ Ane,Spain,Cycling Road
8589,SANTIS Gabriela,Guatemala,Swimming
8590,SANTOS Alexis,Portugal,Swimming
8591,SANTOS da SILVA Altobeli,Brazil,Athletics
8592,SANTOS Eduardo Yudy,Brazil,Judo
8593,SANTOS Francisco Rogerio,Portugal,Swimming
8594,SANTOS Gabriel,Brazil,Swimming
8595,SANTOS Geovanna,Brazil,Rhythmic Gymnastics
8596,SANTOS Isac,Brazil,Volleyball
8597,SANTOS LISBOA Eduarda,Brazil,Beach Volleyball
8598,SANTOS Leticia,Brazil,Football
8599,SANTOS Luguelin,Dominican Republic,Athletics
8600,SANTOS Melanie,Portugal,Triathlon
8601,SANTOS Natalia,Angola,Handball
8602,SANTOS Rosangela,Brazil,Athletics
8603,SANTOS SILVIA Emily M.,Panama,Swimming
8604,SANTOS,Brazil,Football
8605,SANTUCCIO Alberta,Italy,Fencing
8606,SANZ LANZ Mateo,Switzerland,Sailing
8607,SANZULLO Mario,Italy,Marathon Swimming
8608,SARAIVA Flavia,Brazil,Artistic Gymnastics
8609,SARAVANAN Vishnu,India,Sailing
8610,SARAVI Mohammadhadi,Islamic Republic of Iran,Wrestling
8611,SARITOV Albert,Romania,Wrestling
8612,SARMENTO Matthew Brandon,Canada,Hockey
8873,MUKHTAR Ali,Saudi Arabia,Football
8874,SHALA Egzon,Kosovo,Wrestling
8875,SHAMILOV Yakub,ROC,Judo
8876,SHAN Xiaona,Germany,Table Tennis
8877,SHANA Md Ruman,Bangladesh,Archery
8878,SHANAHAN Louise,Ireland,Athletics
8879,SHANER William,United States of America,Shooting
8880,SHANGE Lebogang,South Africa,Athletics
8881,SHANNON Olivia,New Zealand,Hockey
8882,SHANNY Itay,Israel,Archery
8883,SHAO Jieni,Portugal,Table Tennis
8884,SHAO Ting,People's Republic of China,Basketball
8885,SHAO Yaqi,People's Republic of China,Fencing
8886,SHAPIEV Javrail,Uzbekistan,Wrestling
8887,SHAPIRA Omer,Israel,Cycling Road
8888,SHARAF Jayda,Egypt,Artistic Swimming
8889,SHARAF Zeina,Egypt,Artistic Gymnastics
8890,SHARAKOVA Tatsiana,Belarus,Cycling Track
8891,SHARIFI Morteza,Islamic Republic of Iran,Volleyball
8892,SHARIFOV Sharif,Azerbaijan,Wrestling
8893,SHARIR Gili,Israel,Judo
8894,SHARMA Nilakanta,India,Hockey
8895,SHAROV Stanislav,ROC,3x3 Basketball
8896,SHARP Alena,Canada,Golf
8897,SHARP Lachlan Thomas,Australia,Hockey
8898,SHARPE Matthew,Canada,Triathlon
8899,SHARRAH Corben,United States of America,Cycling BMX Racing
8900,SHARSHENBEKOV Zholaman,Kyrgyzstan,Wrestling
8901,SHATILOV Alexander,Israel,Artistic Gymnastics
8902,SHATIRISHVILI Sopo,Georgia,Athletics
8903,SHAVDATUASHVILI Lasha,Georgia,Judo
8904,SHCHERBATSEVICH Yury,Belarus,Shooting
8905,SHEA Maggie,United States of America,Sailing
8906,SHEBIB Mohamed,Egypt,Handball
8907,SHEEHAN Miriam,Puerto Rico,Swimming
8908,SHEIKHALIZADEHKHANGHAH Mariam,Azerbaijan,Swimming
8909,SHEIKO Georgiy,Kazakhstan,Athletics
8910,SHEK Wai Hung,"Hong Kong, China",Artistic Gymnastics
8911,SHEMBEREV Maksym,Azerbaijan,Swimming
8912,SHEN Yineng,People's Republic of China,Water Polo
9022,SIM Welson,Malaysia,Swimming
9023,SIMANEK Jiri,Czech Republic,Rowing
9024,SIMANOVICH Anastasia,ROC,Water Polo
9025,SIMBINE Akani,South Africa,Athletics
9026,SIME Abrham,Ethiopia,Athletics
9027,SIMIC Ana,Croatia,Athletics
9028,SIMIONESCU Vladut,Romania,Judo
9029,SIMMERLING Georgia,Canada,Cycling Track
9030,SIMMERMACHER Magdalena Maria,Argentina,Golf
9031,SIMMONDS Joshua,Australia,Hockey
9032,SIMON Gilles,France,Tennis
9033,SIMON Kyah,Australia,Football
9034,SIMON Unai,Spain,Football
9035,SIMONEAU Jacqueline,Canada,Artistic Swimming
9036,SIMONET Diego Esteban,Argentina,Handball
9037,SIMONET Pablo Ariel,Argentina,Handball
9038,SIMONET Sebastian Alejandro,Argentina,Handball
9039,SIMOTWO Charles Cheboi,Kenya,Athletics
9040,SIMWAKA Asimenye,Malawi,Athletics
9041,SINANCEVIC Armin,Serbia,Athletics
9042,SINCLAIR Christine,Canada,Football
9043,SINDEN Bradly,Great Britain,Taekwondo
9044,SINGH Arvind,India,Rowing
9045,SINGH Gaurika,Nepal,Swimming
9046,SINGH Gurjant,India,Hockey
9047,SINGH Gurpreet,India,Athletics
9048,SINGH Hardik,India,Hockey
9049,SINGH Harmanpreet,India,Hockey
9050,SINGH Luther,South Africa,Football
9051,SINGH Mandeep,India,Hockey
9052,SINGH Manpreet,India,Hockey
9436,SUVOROVA Natalia,ROC,Cycling BMX Racing
9437,SUWARA Wiktor,Poland,Athletics
9438,SUZUKI Aoto,Japan,Athletics
9439,SUZUKI Ayuka,Japan,Rhythmic Gymnastics
9440,SUZUKI Ayuko,Japan,Athletics
9441,SUZUKI Ricardo,Japan,Taekwondo
9442,SUZUKI Seiya,Japan,Baseball/Softball
9443,SUZUKI Sergio,Japan,Taekwondo
9444,SUZUKI Zion,Japan,Football
9445,SVAN Lasse,Denmark,Handball
9446,SVECOVS Pavels,Latvia,Modern Pentathlon
9447,SVENNERSTAL Ludwig,Sweden,Equestrian
9448,SVICHKAR Roman,Ukraine,Fencing
9449,SVIRYD Mikita,Belarus,Judo
9450,SVITOLINA Elina,Ukraine,Tennis
9622,TERADA Asuka,Japan,Athletics
9623,TERAMURA Miho,Japan,Swimming
9624,TERAN TAFUR Roberto,Colombia,Equestrian
9625,TERAUCHI Ken,Japan,Diving
9626,TERCELJ Eva,Slovenia,Canoe Slalom
9627,TERLIUGA Anzhelika,Ukraine,Karate
9628,TERLYUKEVICH Anna,Belarus,Athletics
9629,TERPSTRA Anne,Netherlands,Cycling Mountain Bike
9630,TERVO Krista,Finland,Athletics
9631,TESANOVIC Petar,Montenegro,Water Polo
9632,TESAR Jan,Czech Republic,Athletics
9633,TESFU Dolshi,Eritrea,Athletics
9634,TESSITORI Amedeo,Italy,Basketball
9635,TESTA Irma,Italy,Boxing
9636,TETE Salima,India,Hockey
9637,TETEREVKOVA Kotryna,Lithuania,Swimming
9638,TEUCHERT Cedric,Germany,Football
9639,TEVANYAN Vazgen,Armenia,Wrestling
9640,TEW Ruby,New Zealand,Rowing
9641,THACH Kim Tuan,Vietnam,Weightlifting
9642,THAKKAR Varun,India,Sailing
9643,THAOUBANI Housni,Comoros,Judo
9644,THAUVIN Florian,France,Football
10577,WILLIAMS Benjamin,Great Britain,Athletics
10578,WILLIAMS Briana,Jamaica,Athletics
10579,WILLIAMS Charity,Canada,Rugby Sevens
10580,WILLIAMS Danielle,Jamaica,Athletics
10581,WILLIAMS Ella,New Zealand,Surfing
10582,WILLIAMS Gabrielle,France,Basketball
10583,WILLIAMS Hannah,Great Britain,Athletics
10584,WILLIAMS Jack,United States of America,Archery
10585,WILLIAMS Jodie,Great Britain,Athletics
10586,WILLIAMS Kendell,United States of America,Athletics
10587,WILLIAMS Kevon,United States of America,Rugby Sevens
10801,YANG Jian,People's Republic of China,Diving
10802,YANG Jiayu,People's Republic of China,Athletics
10803,YANG Junxia,People's Republic of China,Judo
10804,YANG Junxuan,People's Republic of China,Swimming
10805,YANG Kun-Pi,Chinese Taipei,Shooting
10806,YANG Lina,People's Republic of China,Football
10807,YANG Liwei,People's Republic of China,Basketball
10808,YANG Man,People's Republic of China,Football
10809,YANG Min,People's Republic of China,Rugby Sevens
10810,YANG Qian,People's Republic of China,Shooting
10811,YANG Qianyu,"Hong Kong, China",Cycling Track
10812,YANG Shuyu,People's Republic of China,3x3 Basketball
10813,YANG Xiaolei,People's Republic of China,Archery
10814,YANG Xiaoxin,Monaco,Table Tennis
10815,YANG Xiaoxu,People's Republic of China,Canoe Sprint
10816,YANG Xuezhe,People's Republic of China,Sailing
10817,YANG Yung Wei,Chinese Taipei,Judo
10818,YANG Zhaoxuan,People's Republic of China,Tennis
10819,YANGPAIBOON Naphaswan,Thailand,Shooting
10820,YANITSAS Lea,Australia,Water Polo
10821,YANKURIJE Marthe,Rwanda,Athletics
10822,YAO Bianwa,People's Republic of China,Cycling Mountain Bike
10823,YAO Di,People's Republic of China,Volleyball
10824,YARIGO Noelie,Benin,Athletics
10825,YARMOLENKA Karyna,Belarus,Rhythmic Gymnastics
10826,YARUR Virginia,Chile,Equestrian
10827,YASEEN Taha Hussein,Iraq,Athletics
10828,YASTREMSKA Dayana,Ukraine,Tennis
10829,YASUNAGA Mashiro,Japan,Artistic Swimming
10830,YASUOKA Ryuto,Japan,3x3 Basketball
10831,YATES Simon Philip,Great Britain,Cycling Road
10832,YAVI Winfred Mutile,Bahrain,Athletics
10833,YAYLYAN Izabella,Armenia,Weightlifting
10834,YAZAWA Aki,Japan,Canoe Slalom
10835,YAZDANICHARATI Hassan,Islamic Republic of Iran,Wrestling
10836,YCART CANAL Clara,Spain,Hockey
10837,YEARGIN Nicole,Great Britain,Athletics
10838,YEBOAH Emmanuel,Ghana,Athletics
10839,YEE Alex,Great Britain,Triathlon
10840,YEE Regan,Canada,Athletics
10841,YEE Sally,Fiji,Table Tennis
10842,YEGNONG NJIEYO Maxime,Cameroon,Boxing
10843,YEGO Julius,Kenya,Athletics
10844,YELISTRATOVA Yuliya,Ukraine,Triathlon
10845,YEMELYANOV Sergey,Kazakhstan,Canoe Sprint
10846,YEMELYANOV Timofey,Kazakhstan,Canoe Sprint
10847,YEO Jia Min,Singapore,Badminton
10848,YEO Seojeong,Republic of Korea,Artistic Gymnastics
10849,YEPEZ GUZMAN Lucia Yamileth,Ecuador,Wrestling
10850,YEUM Hye Seon,Republic of Korea,Volleyball
10851,YI Xudi,People's Republic of China,Rowing
10852,YIGIT Neslihan,Turkey,Badminton
10853,YILDIRIM Rukiye,Turkey,Taekwondo
10854,YILDIZ Esra,Turkey,Boxing
10855,YIMER Zeineba,Ethiopia,Athletics
10856,YIN Chengxin,People's Republic of China,Artistic Swimming
10857,YIN Mengdie,People's Republic of China,Canoe Sprint
10858,YIN Xiaoyan,People's Republic of China,Karate
10859,YIP Alannah,Canada,Sport Climbing
10860,YODER Alec,United States of America,Artistic Gymnastics
10861,YOKOSHIMA Aya,Japan,Handball
10862,YOKOTA Kiko,Japan,Rhythmic Gymnastics
10863,YONAMINE Eri,Japan,Cycling Road